Id,Name,X,Y,Caption,URL
0,归元寺,114.2670060000,30.5509310000,归元禅寺属于佛教禅宗五家七宗之一的曹洞宗，故称归元禅寺。归元禅寺又被称为“汉西一境”，是因其古树参天，花木繁茂的人文境致而得。同时还是武汉市佛教协会的所在地。它与宝通寺、溪莲寺、正觉寺合称为武汉的四大丛林。,"https://ss3.bdstatic.com/70cFv8Sh_Q1YnxGkpoWK1HF6hhy/it/u=1223057626,376567403&fm=26&gp=0.jpg"
0,古琴台,114.2810590000,30.5609700000,古琴台（GuQinTai）又名俞伯牙台，始建于北宋，重建于清嘉庆初年（公元1796年），位于湖北省武汉市汉阳区龟山西脚下的月湖之滨，东对龟山、北临月湖，是中国音乐文化古迹、国家AAA级景区、湖北省重点文物保护单位、武汉市文物旅游景观之一，与黄鹤楼、晴川阁并称武汉三大名胜，有“天下知音第一台”之称。,https://timgsa.baidu.com/timg?image&quality=80&size=b9999_10000&sec=1559559036476&di=3111d85e6a7426265e0ab332389da139&imgtype=0&
0,南桥,114.4326720000,30.0251090000,南桥位于江夏区贺站镇大屋饶村的南桥港上，是武汉市现存最早的一座古桥，1989年被列为湖北省文物保护单位。这座石拱桥的桥拱呈半圆形，影映水中，虚实相连，如一轮明月。,https://timgsa.baidu.com/timg?image&quality=80&size=b9999_10000&sec=1559559255160&di=1162c75a826bbde75ab7a12c2d0d89d0&imgtype=0&src=http%3A%2F%2Fimg.mp.itc.cn%2Fupload%2F20160406%2F1c86e7e7923447a98e36f00c854c28e9.jpg
0,双凤亭,114.3646440000,30.9852860000,双凤亭位于武汉市黄陂区鲁台镇鲁台山顶。为纪念宋代著名理学家程颢、程颐而建。原建于城内，明天顺七年(1463)复建于鲁台山麓二程祠，清康熙五年(1666)移建于今址，道光二十三年（1843）毁于风暴，二十八年(1848)修葺。六角三层攒尖顶，高10米，底边长3.3米。木石结构，檐下施斗拱。亭中央石砌方柱，四面嵌碑记，额刻双凤朝阳和人物故事图案。1962年郭沫若同志书“双凤亭”匾悬挂亭上。1984年维修。（第三批）,"https://ss0.bdstatic.com/70cFuHSh_Q1YnxGkpoWK1HF6hhy/it/u=3716785276,2557325632&fm=26&gp=0.jpg"
0,大余湾古民居建筑群,114.3797040000,31.0351230000,"位于武汉市黄陂区木兰乡双泉村大余湾，明、清时期。现存民居40余栋，建筑布局呈向心形。硬山式，穿斗结构，小青瓦屋面,砖石砌体皆使用传统的糯米伴石灰砌筑。该村保存有较好的雕花睡床、钦赐寿匾、“雍正朱批谕旨”木盒、“嘉庆二十二年”石碾等器具。民居周边还保存有大量的明清墓葬。（第四批）","https://ss1.bdstatic.com/70cFvXSh_Q1YnxGkpoWK1HF6hhy/it/u=2050915200,75664681&fm=26&gp=0.jpg"
0,问津书院,114.9028960000,30.8021180000,问津书院因《论语》中孔子周游列国至楚国孔子使“子路问津”于长沮、桀溺典故而得名。书院始建于西汉年间，距今已有二千多年的历史，是孕育元、明、清三朝鄂东文人的摇篮，被称为中国最古老“大学”。,https://timgsa.baidu.com/timg?image&quality=80&size=b9999_10000&sec=1559559790090&di=702fddc36f10e0efdefb8d7cc698bdb5&imgtype=0&src=http%3A%2F%2Fn.sinaimg.cn%2Fhb%2Ftransform%2F116%2Fw550h366%2F20181119%2F6dDj-hmivixn3974366.jpg
0,木兰山古建筑群,114.3849750000,31.1076150000,木兰山古建筑群位于武汉市黄陂区长岭镇木兰山。木兰山古称明山，后易名青狮岭，因“木兰从军”故事更今名。历宋、明、清三代，先后启建七宫八观三十六殿庞大建筑组群。现存玉皇阁、玉皇阁牌坊、金顶牌坊、唐木兰将军坊等。一九二七年底，黄麻起义突围部队在玉皇阁改编为工农革命军第七军。木兰山古建筑作为“木兰”将军的纪念性建筑组群，对于研究“木兰”文化的形成和发展提供了重要实物资料。（第五批）,https://timgsa.baidu.com/timg?image&quality=80&size=b9999_10000&sec=1559559831809&di=654724ea1fc64b5a5dbf2da6e3221614&imgtype=0&src=http%3A%2F%2Fimg.pconline.com.cn%2Fimages%2Fupload%2Fupc%2Ftx%2Fphotoblog%2F1706%2F07%2Fc8%2F49277347_1496831093671_mthumb.jpg
0,洪山宝塔,114.3476260000,30.5373490000,原名灵济塔，始建于元代，明成化年间改名宝通寺塔，清同治年间重修。七层八角楼阁式空心砖塔，塔基边长4.7米，各级诸面均设券门，塔顶径4米，上设铸铜宝刹。塔身自下而上，逐层收分。内有石阶盘旋上至顶层。外壁嵌元代塔记七方。（第一批）,"https://ss2.bdstatic.com/70cFvnSh_Q1YnxGkpoWK1HF6hhy/it/u=195575484,2077444106&fm=26&gp=0.jpg"
0,宝通寺,114.3473700000,30.5382780000,宝通寺位于风景秀丽的武昌洪山南麓，至今已有1600余年历史，具有丰富的佛教文化底蕴和深厚的传统文化内涵，是武汉市唯一的皇家寺院，并且被列为国务院“汉地全国重点佛教寺院”、湖北省重点文物保护单位，是武汉佛教“四大丛林”之一，规模之大、殿堂之宏伟为武昌诸刹之首。,https://timgsa.baidu.com/timg?image&quality=80&size=b9999_10000&sec=1560154741&di=893b1969d4b20ebde44cd2ad3b00dbbb&imgtype=jpg&er=1&src=http%3A%2F%2Fimage.naic.org.cn%2Fuploadfile%2F2018%2F0426%2F1524706720614696.jpg
0,九女墩,114.3895420000,30.5871140000,九女墩位于湖北省武汉市东湖西北岸。相传太平天国占领武昌时不少获得解放的妇女参加起义。后清军反扑，于城郊大肆屠杀，有太平军女兵九人，不为敌威所屈，在此英勇抗击清军，全部壮烈牺牲。乡人将其遗骸合葬于此。时为避清政府迫害，故不称坟而称墩。,"https://ss1.bdstatic.com/70cFvXSh_Q1YnxGkpoWK1HF6hhy/it/u=3811728379,988863094&fm=26&gp=0.jpg"
0,长春观,114.3272520000,30.5460860000,长春观位于武昌大东门东北角双峰山南坡，黄鹄山(蛇山)中部，是我国道教著名十方丛林之一，为历代道教活动场所。称“江南一大福地”。观内崇奉道教全真派，以其创始人重阳祖师门人邱处机道号“长春子”命名。,http://i5.bbs.fd.zol-img.com.cn/t_s1200x5000/g5/M00/00/0C/ChMkJlYGhi6IWQdkAB7enHdL23kAADCpQPA85sAHt60455.jpg
0,楚望台,114.3157850000,30.5313210000,位于武昌梅亭山的楚望台军械库遗址，是武昌首义义军占领的第一个目标。之后，各路起义军集结于此，这里一时成为起义军的大本营。沿山坡攀上山顶，在一处军营的空闲草地上，可以看见一块约2米高的水磨石碑，中部嵌有一块大理石，上刻有“楚望台军械库遗址”，“湖北省人民委员会1956年公布”等字样。展读碑文，历史得以呈现：明洪武14年（1381年），朱桢就藩武昌，为感恩父皇朱元璋封其为楚王，朱桢常在此遥望帝京，故建“楚望台”。,"https://ss1.bdstatic.com/70cFuXSh_Q1YnxGkpoWK1HF6hhy/it/u=1221416463,1303157588&fm=15&gp=0.jpg"
0,古德寺,114.3130430000,30.6246610000,古德寺，位于湖北武汉市汉口黄浦路上滑坡74号，该寺于清光绪三年（1877年）由隆希创建，初名古德茅蓬，1914-1919年间由主持昌宏先后两次进行扩建，改名古德寺，有“心性好古，普度以德”之意，并由黎元洪亲自题写匾名。,https://timgsa.baidu.com/timg?image&quality=80&size=b9999_10000&sec=1560155227&di=f197ef038bd2fb6059e029bc9bad8dee&imgtype=jpg&er=1&src=http%3A%2F%2Fimg.pconline.com.cn%2Fimages%2Fupload%2Fupc%2Ftx%2Fphotoblog%2F1604%2F11%2Fc16%2F20209262_1460380609759_mthumb.jpg
0,禹稷行宫,114.2911790000,30.5613280000,禹稷行宫（禹王宫），位于汉阳龟山东麓的禹功矶上，是武汉历代祭祀大禹之地，也是武汉市著名的历史文化建筑。2013年3月在国务院公布的第七批全国重点文物保护单位名单中，禹稷行宫被增补为新的全国重点文物保护单位。,"https://ss0.bdstatic.com/70cFvHSh_Q1YnxGkpoWK1HF6hhy/it/u=1974055036,4103633280&fm=26&gp=0.jpg"
0,胜像宝塔,114.3190630000,30.5480460000,胜像宝塔 ，位于武汉市蛇山西部，1343年由元代威顺王建于黄鹤楼故址前的黄鹄矶头，1955年迁至目前位置。塔型属于佛教密宗佛塔。2013年入选第七批全国重点文物保护单位名单。胜像宝塔色泽白润，古朴雅致，是武汉市现存唯一一座喇嘛式白塔，一度与黄鹤楼相映成辉，为研究历史文化名城武汉的元末明初的历史和宗教提供了重要的实物资料。,"https://ss0.bdstatic.com/70cFuHSh_Q1YnxGkpoWK1HF6hhy/it/u=1507050227,1348300781&fm=26&gp=0.jpg"
0,无影塔,114.3512970000,30.5411240000,无影塔位于武昌区洪山西麓的洪山公园内。无影塔原名宋兴福寺塔。兴福寺原名晋安寺，始建于南朝梁元帝承圣年间（552~554年）。隋文帝仁寿元年（601年）改称兴福寺。至南宋度宗咸淳六年（1270年）重建兴福寺并建此塔。兴福寺毁于近代，1953年该塔迁移至洪山公园内。,"https://ss2.bdstatic.com/70cFvnSh_Q1YnxGkpoWK1HF6hhy/it/u=2239725993,2468259573&fm=26&gp=0.jpg"
0,槐山矶驳岸,114.1365730000,30.3438030000,槐山矶石驳岸，位于江夏区金口街槐山西麓长江边，如一条蜿蜒的巨龙，横卧在槐山脚下。此驳岸始建于明朝嘉靖年间，是长江上仅存的一处古代航运建筑设施。现已公布为湖北省文物保护单位，同时2013年3日由国务院印发的《第七批全国重点文物保护单位》名录在国家文物局官网公布，目前已经是国家重点保护文物 。,https://timgsa.baidu.com/timg?image&quality=80&size=b9999_10000&sec=1560156643&di=7794992e9a9bd1d0974001b4d58b5682&imgtype=jpg&er=1&src=http%3A%2F%2Fn.sinaimg.cn%2Fsinacn09%2F314%2Fw690h424%2F20180824%2F3f5a-hicsiaw1181471.jpg
1,明楚王墓,114.5060000000,30.4180000000,明楚王墓位于湖北省武汉市东南40公里处江夏区龙泉山，系明朝八代九位楚藩王的陵寝。明楚王墓各寝占地均在百亩以上，除墓冢外，原都有碑亭、茔城、大殿、配殿、祭台等建筑物，现多已不存。1982年，对昭王陵进行了较大规模的修整。龙泉山和明楚王墓群现被辟为风景区。,"https://ss1.bdstatic.com/70cFuXSh_Q1YnxGkpoWK1HF6hhy/it/u=3533119178,1155920863&fm=26&gp=0.jpg"
1,钟子期墓,114.0898344116,30.5467694026,钟子期墓坐落在湖北省武汉市蔡甸区马鞍山南麓凤凰咀上，面朝南湖，形成背山面湖形势。墓前有清光绪十年（1884年）所立石碑1块（现已残）。,"https://ss2.bdstatic.com/70cFvnSh_Q1YnxGkpoWK1HF6hhy/it/u=2506398003,2375267127&fm=27&gp=0.jpg"
1,鲁台山古墓群,114.4003370000,30.8716070000,鲁台山古墓葬群位于武汉市黄陂区前川街道鲁台村，属周代遗址，列为省级文物保护单位。位于滠水东岸的鲁台山西南，1977年底、1978年初发现。整个墓葬群范围：东西长300米、南北宽100米，共有西周与春秋战国墓35座。其中西周墓5座，春秋战国墓30座。这批墓葬群，共出土160件铜、玉、陶器，其中青铜器约占二分之一。铜器造型严谨，花纹繁缛。1983年被定为省级文物保护单位。,https://timgsa.baidu.com/timg?image&quality=80&size=b9999_10000&sec=1560157054&di=2826c5e0eedce84fd784d5125882ae30&imgtype=jpg&er=1&src=http%3A%2F%2Fimages.3158.cn%2Fdata%2Fattachment%2Ftougao%2Farticle%2F2014%2F07%2F22%2Fd206bf26bafeb634022670b413a8d31d.jpg
2,湖泗瓷窑址群,114.3576900000,30.0959630000,湖泗窑址群位于湖北省武汉市江夏区梁子湖沿岸，因最早发现于湖泗乡而得名，窑堆一般高约5米，围径100米左右，最大的高达9米，围径约200米，是全国重点文物保护单位。,"https://ss2.bdstatic.com/70cFvnSh_Q1YnxGkpoWK1HF6hhy/it/u=119626601,2641885665&fm=26&gp=0.jpg"
2,盘龙城旧址,114.3626590000,30.7250100000,盘龙城遗址于1954年被发现后，发掘了城址、宫殿等大型建筑及多座高等级贵族墓葬，出土有数百件青铜器、陶器、玉器、石器和骨器等遗物。1988年1月13日，盘龙城遗址被中华人民共和国国务院公布为第三批全国重点文物保护单位 。2013年12月，盘龙城遗址被列入第二批国家考古遗址公园。,https://timgsa.baidu.com/timg?image&quality=80&size=b9999_10000&sec=1560221338&di=7bcae2d87f232979f0355d76c6a5599d&imgtype=jpg&er=1&src=http%3A%2F%2Fimg.mp.sohu.com%2Fupload%2F20170811%2F1b2875fafaee4076886e40a07b3ec1f3_th.png
2,作京城遗址,114.2151320000,31.0768990000,位于黄陂区李集镇京城湾村，汉代城址。面积约50万平方米。平面呈不规则方形，东西约200米，南北约140余米，夯筑城垣基宽约30米，顶宽约12米，残高6米左右，东、南、北三面有城门遗迹。城内散布大量绳纹筒瓦、板瓦残片。,"https://ss1.bdstatic.com/70cFvXSh_Q1YnxGkpoWK1HF6hhy/it/u=3077531495,3163176978&fm=26&gp=0.jpg"
2,五谷城遗址,114.3323710000,30.2119420000,由大城、东小城、西小城三部分组成。三城东西向连接，平面近似长方形，各城略呈方形。大城边长约240米，东城长宽为90×85米，西城边长约90米。夯土城垣宽5米，残高1米。城外有护城壕沟遗迹。地表散布泥质灰陶板瓦、筒瓦残片。,"https://ss2.bdstatic.com/70cFvnSh_Q1YnxGkpoWK1HF6hhy/it/u=1822922732,1652535018&fm=26&gp=0.jpg"
2,斧头湖窑址,114.1349910000,30.3051660000,斧头湖窑址位于武汉市江夏区斧头湖北岸法泗乡、范湖乡、安山乡、河垴乡境内，五代－元窑址群。面积约20平方公里。1984年发现39座瓷窑，其中馒头形窑堆34座，龙窑5座。窑堆高者达12米，底部直径约15米，龙窑一般长30－40米。采集瓷片质一般呈红褐色，釉色有绿、青、黄、黄褐、黑等，器形有带流罐、橄榄形罐、平底碗、矮圈足碗、注子、缸形器等。窑具有和筒形匣钵和带乳钉的支圈，以叠置仰烧法为主。,"https://timgsa.baidu.com/timg?image&quality=80&size=b9999_10000&sec=1559734869738&di=7e2698cb7325ec30c9454687c6b5ae80&imgtype=0&src=http%3A%2F%2Fimg.mp.sohu.com%2Fq_mini%2Cc_zoom%2Cw_640%2Fupload%2F20170723%2Fbc8f3c65992d4f4baa178ff30d09e023_th.jpg"
2,中分卫湾遗址,114.3646440000,30.9852860000,中分卫湾遗址位于武汉市黄陂区祁家湾镇中分卫湾村北，商代遗址。面积约5·7万平方米，文化层厚2·5米左右。采集有月牙形玉铲、玉璧、玉戈、铜戈及陶片。陶片以夹砂红褐陶为主，夹砂灰褐陶次之，有少量泥质灰陶和印纹硬陶；纹饰有绳纹、方格纹、弦纹、按窝纹；器形有鬲、罐、豆等。,"http://img3.imgtn.bdimg.com/it/u=1095712091,522723934&fm=15&gp=0.jpg"2,马投潭遗址,114.1317570000,30.6428510000,马投潭遗址位于武汉市东西湖区吴家山北部，在马投潭村西城隍台上，距东西湖区区机关驻地2公里。,"http://img5.imgtn.bdimg.com/it/u=2961035159,747085404&fm=15&gp=0.jpg"
2,许家墩遗址,114.5142660000,30.5395220000,许家墩遗址在武汉市洪山区花山镇，紧靠严西湖边，为一处古文化遗址。许家墩遗址位于花山镇联合村内，有大、小许家墩。小许家墩发现于70年代位于洪山区花山镇联合村，新石器时代遗址。面积约7000平方米，文化层1.5－2.5米。采集有石斧和陶片。陶片以泥质灰陶为主，夹砂褐陶次之，纹饰有篮纹，器形有缸、豆、鼎及纺轮等。属石家河文化。（第三批）,https://ss2.bdstatic.com/70cFvnSh_Q1YnxGkpoWK1HF6hhy/it/u=2307864522,1506889868&fm=26&gp=0.jpg,陈子墩遗址,113.9259590000,30.4694010000,位于蔡甸区永安镇古迹岗村，新石器时代、商周遗址。面积约2·2万平方米，文化层厚1米左右。采集有石斧、锛和铜刀、镞、矛、剑、锥及陶片。新石器时代陶片以泥质灰陶为主，夹砂褐陶次之，纹饰有篮纹、方格纹，器形有鼎、碗等，属石家河文化；商周代陶片以夹砂褐陶为主，有少量夹砂红陶，纹饰有绳纹、弦纹，器形有鬲及网坠等。（第三批）处湖边，面积3000平方米，东西长200米，南北宽15米。属湖北省文物保护单位。,https://timgsa.baidu.com/timg?image&quality=80&size=b9999_10000&sec=1559716702185&di=db757d90df4c494f0fc28b9d3ca30333&imgtype=0&src=http%3A%2F%2Fmmbiz.qpic.cn%2Fmmbiz_jpg%2F7uGZmLN0hDiavACicrxoKliao9ZBTGUib2p9yjm0nAkBibkVLMS8bz9qv0d9ibblZUKo3r1P8TlOpaBBvF3o3WvBVhFg%2F640%3Fwx_fmt%3Djpeg
2,铁门坎遗址,114.3148970000,30.9618100000,位于武汉市黄陂区罗汉街坦皮塘村。新石器时代至宋代遗址。面积约10万平方米，文化层厚3米左右。曾经发掘，出土了陶器、瓷器、铜器和银器等珍贵文物。该遗址对于研究这一地区的历史文化具有重要意义。(第五批),https://timgsa.baidu.com/timg?image&quality=80&size=b9999_10000&sec=1559792133681&di=59aa5dfe582e3a8251a4a9906d7315a2&imgtype=0&src=http%3A%2F%2Fwww.hinews.cn%2Fpic%2F003%2F006%2F529%2F00300652906_9dc97a51.jpg
2,老人桥遗址,114.3773420000,30.5950750000,位于武汉市洪山区洪山乡周家湾东北100米，新石器时代遗址。面积约9000平方米，文化层厚3米左右。采集有石斧、锛、铲和陶片。陶片以夹砂灰陶为主，有少量泥质红陶，纹饰有弦纹，器形有鼎、杯、盆等，属石家河文化。（第二批）,"http://img3.imgtn.bdimg.com/it/u=3194262562,3219440295&fm=15&gp=0.jpg"
2,放鹰台遗址,114.3528860000,30.5542140000,位于武汉市武昌区水果湖街，新石器时代、周代遗址。为一椭圆形台地，面积约1万平方米。相传唐代诗人李白曾在此处放鹰捕鱼，放鹰台由此得名。1956年发现，1965年和1997年两次考古发掘，出土了大量屈家岭文化时期的石器、陶器以及稻谷壳。该遗址是武汉中心城区最重要的史前遗址，对研究武汉市历史文化有重要意义。,"http://img0.imgtn.bdimg.com/it/u=2736206791,2147587959&fm=15&gp=0.jpg"
2,鸡公程遗址,114.5650800110,30.8829426431,位于武汉市黄陂区六指街徐田村，商周、南北朝遗址。由一处城址和一处城外台地组成。城址平面呈椭圆形，南北长径约175米，东西短径约150米，面积约2.5万平方米，文化层厚约2米。城垣高出周边1～2米，现存城垣顶宽8～10米。城外东南约100米处的“鲢鱼墩”台地上也分布有文化遗存。该遗址对研究武汉市历史文化具有重要价值。,"http://img1.imgtn.bdimg.com/it/u=1434986294,3486813357&fm=26&gp=0.jpg"
2,庙墩遗址,114.8849644575,30.9978538289,位于武汉市新洲区潘塘街汉楼村，西周时期遗址。由三个土墩组成，高出地面2.5米左右，面积2万平方米，文化层厚1.5米。采集有大量夹砂红褐陶片、泥质灰陶片，纹饰有绳纹、弦纹、附加堆纹，器形有鬲、豆、罐等。该遗址具有较高的学术价值。,https://timgsa.baidu.com/timg?image&quality=80&size=b9999_10000&sec=1559726039941&di=8619de832e2c195fdbe2b94eda53377f&imgtype=0&src=http%3A%2F%2F5b0988e595225.cdn.sohucs.com%2Fimages%2F20171002%2F95343355e0df437299c5daae41ff0583.jpeg
2,珠山遗址,114.6078380000,30.6203560000,位于武汉市新洲区双柳街龙口村，东周、汉代遗址。平面呈圆形，高出地面约9米，面积2万平方米，文化层厚2～4米。采集有大量绳纹陶片，器形有板瓦、筒瓦、鬲等。该遗址保存较好，遗物丰富，具有较高的学术价值。,"https://timgsa.baidu.com/timg?image&quality=80&size=b9999_10000&sec=1560386935&di=43e14885591f530a5d64f6df3302ab40&imgtype=jpg&er=1&src=http%3A%2F%2Fimg1.ph.126.net%2FbZXgg9JH9Kd-5CrCMdx0vQ%3D%3D%2F6631948474515348229.jpg"2,面前畈遗址,114.5876150000,30.8867640000,位于黄陂区棠乡楼子田湾村西150米，新石器时代遗址。面积约3万平方米，文化层厚4米左右。采集有石凿、斧和陶片。陶片以夹砂灰陶为主，夹砂红陶次之，有少量黑皮陶；纹饰有篮纹、弦纹、刻划纹、按窝纹及镂孔；器形有鼎、罐、缸、豆、盆等。属石家河文化。（第三批）,"https://ss3.bdstatic.com/70cFv8Sh_Q1YnxGkpoWK1HF6hhy/it/u=1341933199,2105424224&fm=26&gp=0.jpg"
2,龙王尖遗址,114.2751150000,31.0824710000,龙王尖位于武汉市黄陂区李家集街道珍珠岭，海拔385.6米，为大别山余脉，湖北省户外旅行必选。主峰顶巅有一座古庙，名曰龙王庙，建于明宣德二年(1427年)，明万历三十四年(1606年)，龙王庙被山火烧成灰烬。之后几度毁建，今已不存。原址现存一城堡遗址，断墙残埂，为龙王尖石寨遗址，号称武汉的长城。,"https://ss2.bdstatic.com/70cFvnSh_Q1YnxGkpoWK1HF6hhy/it/u=1512116579,2434615797&fm=26&gp=0.jpg"
3,陈友谅墓,114.3190629997,30.5480460000,陈友谅墓是元末农民起义领袖、元朝末年“大汉”政权的缔造者——大汉皇帝陈友谅的墓地，位于武汉长江大桥蛇山引桥的南侧，是武汉市唯一的封建帝王陵墓。,https://timgsa.baidu.com/timg?image&quality=80&size=b9999_10000&sec=1560328308&di=ad83aa0b656a922be599cb6fe113b246&imgtype=jpg&er=1&src=http%3A%2F%2Fa1.att.hudong.com%2F80%2F77%2F01300001024098150676770079074_s.jpg
3,庚子革命烈士墓,114.3161999998,30.5810840001,庚子烈士墓在洪山东北麓。是清光绪二十六年（1900年）在汉口准备起事反对慈禧专政，以求改良中国政治而道清政府杀害的自立军首领唐才常、傅慈祥、林圭等7人埋骨处。墓为长方形，砖石砌成。墓前建有四柱三门的牌坊，横额上书“庚子革命先烈墓道”8字。,https://timgsa.baidu.com/timg?image&quality=80&size=b9999_10000&sec=1560328141&di=fd853d2bfc28997e558ad6adf3b51fdf&imgtype=jpg&er=1&src=http%3A%2F%2Fwww.1911museum.cn%2Fwcs%2FUpload%2Fimage%2F20140630%2F20140630161726_77909.jpg
3,三烈士亭,114.3010700000,30.5403060001,位于武昌造船厂东大门内。这里原为清末湖广总督署地，1911年10月10日凌晨，彭楚藩、刘复基、杨洪胜三位首义志士在此就义。湖北军政府后在此立纪念碑。1931年，驻军某部在此建纪念亭。原亭1976年倒塌。1981年，武昌造船厂在距原址20米处复修“三烈士亭”。亭内立“彭刘杨三烈士就义处”石碑。,"https://ss3.bdstatic.com/70cFv8Sh_Q1YnxGkpoWK1HF6hhy/it/u=3372254852,572332471&fm=26&gp=0.jpg"
3,辛亥首义发难处工程营,114.3148529998,30.5385890001,辛亥首义发难处工程营位于武汉市武昌区紫阳路234号，清宣统三年(1911)。1911年10月10日晚，驻扎这里的新军工程八营官兵按照革命党人制定的起义计划首先发难，打响了辛亥革命武昌首义的第一枪。旧址建筑建国初仅存三栋砖木结构平房，每栋长38.5米，宽14.8米，2门18窗。现已改造为两层楼房。1987年立武昌首义发难纪念碑。,https://timgsa.baidu.com/timg?image&quality=80&size=b9999_10000&sec=1560327844&di=344928a2db85d6c7812f7441f51e556a&imgtype=jpg&er=1&src=http%3A%2F%2Fs13.sinaimg.cn%2Fmw690%2F001Nic9vzy7qywUujY8ec%26amp%3B690
3,黄兴拜将台旧址,114.3151930002,30.5455730002,拜将台，位于武昌阅马场首义广场南端，与辛亥革命武昌起义军旧址遥遥相望。1911年11月3日，湖北军政府都督黎元洪效汉刘邦拜韩信为将仪式，在此筑台拜将，任黄兴为战时总司令。故此地有“拜将台”之称。1928年，辛亥首义同志在此修纪念亭。1948年，因亭毁改建纪念碑。现紫红色水磨石纪念碑乃1955年武昌区人民政府改建。,https://timgsa.baidu.com/timg?image&quality=80&size=b9999_10000&sec=1559733149627&di=dfc8d7a5689d9381e778bd5cc8588532&imgtype=0&src=http%3A%2F%2Fpic105.huitu.com%2Fres%2F20180404%2F619513_20180404220657509020_1.jpg
3,辛亥铁血将士公墓,114.1925799999,30.5668100002,辛亥铁血将士公墓位于武汉市汉阳扁担山。1911年10月武昌起义后，清政府急调陆、海进攻汉口、汉阳。在汉阳保卫战中阵亡的将士4200余人，由“红十字会”集中掩埋。公墓原在汉阳六角亭，1957年因修建长江大桥迁现址。,https://timgsa.baidu.com/timg?image&quality=80&size=b9999_10000&sec=1559733454708&di=279b4cafad6ee9a049743015ed52ecd0&imgtype=0&src=http%3A%2F%2Fwww.cityphotos.cn%2Fallpicture%2Fwaterpic%2F2011%2F928%2Faid85741%2F20110928014832875989601.jpg
3,辛亥首义烈士公墓,114.2768029997,30.5796590001,辛亥首义烈士公墓位于武汉市武昌伏虎山北麓。刘静庵、蔡济民、蓝天蔚等民主革命者埋葬于此。1956年公布为湖北省第一批文物保护单位。“文化大革命”中，原墓被毁，1981年重新修复。,https://timgsa.baidu.com/timg?image&quality=80&size=b9999_10000&sec=1559733555903&di=303a1024f18178ffb8d78539b7e7d4d5&imgtype=0&src=http%3A%2F%2Fy1.ifengimg.com%2Fcd3958167fe49108%2F2013%2F0816%2Frdn_520d6baa5ea4c.jpg
3,施洋烈士墓,114.3161999998,30.5810840001,施洋烈士墓-湖北省重点文物保护单位。位于武昌城内洪山南麓。施洋是在五四运动中成长起来的著名进步律师，积极支持和投身工人运动和学生运动，1922年在汉口加入中国共产党，为京汉铁路总工会法律顾问。1923年2月京汉铁路工人大罢工期间被捕，旋于2月15日在武昌惨遭杀害。,https://gss3.bdstatic.com/7Po3dSag_xI4khGkpoWK1HF6hhy/baike/c0%3Dbaike80%2C5%2C5%2C80%2C26/sign=736c657334a85edfee81f671283d6246/f703738da97739127c468942f8198618367ae2b5.jpg
3,陈定一烈士墓,114.4944059998,30.5175690002,位于武汉市洪山区石门峰公墓。陈定一(1907-1926)，武汉市人，中共党员，湖北省学联领导人。1926年8月为策应北伐军入武昌城被军阀逮捕，牺牲于武昌火巷口，北伐军攻克武昌后，将其遗体身首缝合，易棺改葬。墓原在洪山南麓，1958年扩建马路迁此，坐南朝北，砖混结构，前立有石碑，高1.9米，宽0.7米。（第一批）,https://timgsa.baidu.com/timg?image&quality=80&size=b9999_10000&sec=1559733289743&di=1b148554735ca89619cf8be1e203b93e&imgtype=0&src=http%3A%2F%2Fs13.sinaimg.cn%2Fmw690%2F00253QgTzy7cwQJw70g7c%26690
3,北伐军官兵公墓,114.3161999998,30.5810840001,位于武汉市武昌区洪山南坡。为纪念1926年9月攻占武昌城牺牲的国民革命军第四军独立团将士，由独立团团长叶挺主持修建。烈士墓占地约300平方米，土顶，片石砌筑，正面嵌高1.74米，宽0.8米的原青石墓碑。1954年维修。1980年扩建为陵园，面积约1.1万平方米。1986年增建牌坊、阵亡将士纪念碑、曹渊烈士纪念碑。（第一批）,"https://ss1.bdstatic.com/70cFuXSh_Q1YnxGkpoWK1HF6hhy/it/u=503900483,1825295262&fm=26&gp=0.jpg"
3,中国共产党第五次代表大会会址,114.3047909998,30.5539240004,中国共产党第五次全国代表大会会址纪念馆位于“中国第一红街”—武汉市 武昌区都府堤20号 ，也是中共创始人之一毛泽东、陈潭秋早期革命活动旧址，会址原为1918年创办的国立武昌高等师范学校附属小学。,"https://ss0.bdstatic.com/70cFvHSh_Q1YnxGkpoWK1HF6hhy/it/u=1506960817,4215893241&fm=26&gp=0.jpg"
3,红色烈士公墓,114.2810589999,30.5609699998,位于武汉市汉阳龟山西头。大革命失败后，许多共产党人和革命志士英勇就义。共产党员陈春和将部分烈士遗体秘密葬于龟山南麓补乾亭侧，立碑称为“红色战士公墓”。1955年迁汉阳扁担山。1986年迁现址并建陵园。陵园由广场、墓、碑和亭组成，坐西朝东，面积535.5平方米。公墓以白色梯形墓碑为主体，碑高5·2米，正面镌刻彭真题字：“红色战士公墓”，背面刻有《红色战士公墓记》。（第一批）,https://timgsa.baidu.com/timg?image&quality=80&size=b9999_10000&sec=1560323673&di=a5b9ecbaf9d01f964ddc35101ef5ec84&imgtype=jpg&er=1&src=http%3A%2F%2Fimg1.qunarzz.com%2Ftravel%2Fd7%2F1705%2F7a%2Fc50f57065f9a77b5.jpg_r_480x360x95_b367ab8c.jpg
3,苏联空军烈士墓,114.2760510001,30.5873210000,位于武汉市汉口解放大道1153号。1938年初，苏联空军组成志愿队来华援助中国抗战。一百多名志愿队员英勇献身，其中15位安葬在原汉口万国公墓。1951年武汉市人民政府在解放公园内建立纪念碑。1955年将墓迁至碑后。该墓用花岗石砌成，长32米，宽6.5米，高3米，。墓前立纪念碑，高8米，基长1.7米。上刻“苏联空军志愿队烈士墓”。（第一批）,https://timgsa.baidu.com/timg?image&quality=80&size=b9999_10000&sec=1559729128404&di=6cb6b44120d05ac333d34a50e3a2f825&imgtype=0&src=http%3A%2F%2Fimg1.qunarzz.com%2Ftravel%2Fpoi%2F201303%2F14%2F3b97eb9f94312121ddb12cfb.jpg_r_640x451x70_76c03e8a.jpg
3,二七惨案烈士纪念碑,114.3270720003,30.6313180000,二七惨案烈士纪念碑位于武汉市汉口江岸二七路10号。为纪念1923年京汉铁路工人大罢工中牺牲的烈士，1958年破土奠基，1962年建成。碑坐北朝南，高12.6米。用280块花岗岩组成。碑身正面镌刻毛泽东的题字“二七烈士纪念碑”，碑身分别刻有浮雕和纪念碑文。,https://timgsa.baidu.com/timg?image&quality=80&size=b9999_10000&sec=1559729204301&di=e442e57a19733d358758275794b2e22d&imgtype=0&src=http%3A%2F%2Fyouimg1.c-ctrip.com%2Ftarget%2F100k0c00000064rr7E030.jpg
3,毛泽东同志在武昌的旧居,114.3056610004,30.5568149997,位于武汉市武昌都府堤41号，是1927年上半年毛泽东同志在武昌从事革命活动时的住地。著名的《湖南农民运动考察报告》在此写成。旧居是栋晚清民居式建筑，坐东朝西，面积为436平方米，砖木结构，青砖黑瓦，四周为风火墙体，三进三天井。原房1956年因修武昌公园而拆除，现在的房屋系1967年按原貌重建，并复原了毛泽东和杨开慧、彭湃、蔡和森等所住房间。,"https://ss0.bdstatic.com/70cFuHSh_Q1YnxGkpoWK1HF6hhy/it/u=334955558,1547502752&fm=26&gp=0.jpg"
3,“八·七会议”会址,114.3064190002,30.5922640004,1927年8月7号，21名中国共产党员冲破腥风血雨的白色恐怖，来到武汉，在这里完成了由大革命失败向土地革命战争兴起的历史性转变。滔滔江水见证沧桑巨变，在共产党人的领导下，江河纵横的武汉如今已变为人、水和谐相处的现代化城市。 ,https://timgsa.baidu.com/timg?image&quality=80&size=b9999_10000&sec=1559730963324&di=540844a76a310c5a70ec8f3be3459f7f&imgtype=0&src=http%3A%2F%2F5b0988e595225.cdn.sohucs.com%2Fq_mini%2Cc_zoom%2Cw_640%2Fimages%2F20171011%2F69329a659baf4d4c976d104f6608fda4.jpeg
3,向警予烈士墓,114.2810589999,30.5609699998,向警予烈士陵园，坐落于武汉市汉阳区龟山西巅，陵园坐东向西，依山而建，占地面积约8亩，建筑面积5300平方米。1978年5月，为纪念我党早期优秀党员、中国妇女运动的先驱者、模范妇女领袖向警予烈士和中国土地革命战争时期牺牲的烈士而修建。,https://timgsa.baidu.com/timg?image&quality=80&size=b9999_10000&sec=1559731044850&di=b7da460ee4fb0fbb0e54ece3aeca89e6&imgtype=0&src=http%3A%2F%2Fwww.china.com.cn%2Fch-pic%2Fhubei%2Fhubeiview%2Fimages%2F240.jpg
3,汉口汇丰银行大楼,114.3010190003,30.5792609997,汇丰银行大楼，指在中国上海的汇丰银行大楼。在上海外滩中山东一路12号，又名市府大楼，1925年建造，今天是上海浦东发展银行的总部驻地。汇丰在1990年代曾经与上海市政府接触，想购回大楼，但最终因价格原因没有实现。汇丰银行大楼除了华丽，这还是一幢充满历史感的建筑，汇丰银行，市政府和浦东发展银行曾先后使用过此楼。,https://timgsa.baidu.com/timg?image&quality=80&size=b9999_10000&sec=1560326232&di=eda3340cc0dce66fddfcbc2a2024cbf3&imgtype=jpg&er=1&src=http%3A%2F%2Fimg.mp.itc.cn%2Fupload%2F20161016%2F29e44300d8ce4e8d8ba4197c79291255_th.jpeg
3,汉口花旗银行大楼,114.3025760002,30.5805030003,位于武汉市汉口沿江大道97号。美国花旗银行汉口分行大楼建于1921年。其业务为存款、放款、储蓄、押汇、国际汇兑等，还在汉口发行纸币60万元。1950年停业。旧址为一栋五层花岗岩结构楼房。东北两面贯通立面并列巨柱形成柱廊，柱头采用爱奥尼涡卷纹雕饰，西南两面直接在墙上开窗，具有古希腊建筑风格。二楼为汉口美孚洋行办公处。（第三批）,https://timgsa.baidu.com/timg?image&quality=80&size=b9999_10000&sec=1560326177&di=059f7c0725f79850b15699317a8c06c0&imgtype=jpg&er=1&src=http%3A%2F%2Fs14.sinaimg.cn%2Fmiddle%2F49692697gb2c02a21320d%26amp%3B690
3,湖北共进会旧址,114.3161999998,30.5810840001,共进会机关旧址位于湖北省武汉市汉口上海街楚善里28号（原宝善里14号）。共进会在日本东京成立后，孙武等先后回国运作革命，在汉口鸿顺里等地设立机关。,"https://ss1.bdstatic.com/70cFvXSh_Q1YnxGkpoWK1HF6hhy/it/u=3243369160,2117453089&fm=26&gp=0.jpg"
3,李汉俊墓,114.3536219998,30.5648600002,李汉俊（1890—1927），湖北潜江人。中国共产党第一次代表大会代表。早年留学日本，接受马克思主义。回国后积极宣传马克思主义，大力推进建党工作，为召开中共一大做出了卓越贡献。1922年回武汉组织学生、工人开展革命活动。1927年被反动军阀杀害，年仅37岁。,"https://ss3.bdstatic.com/70cFv8Sh_Q1YnxGkpoWK1HF6hhy/it/u=2540979916,800593265&fm=26&gp=0.jpg"
3,贺胜桥北伐军阵亡将士陵园,114.1349909998,30.3051659997,贺胜桥北伐阵亡将士陵园平面略呈不规则长方形，北宽南窄，西南低，东北高，依地势形成三层阶梯式结构，长约285米，宽约25米，四周用块石混凝土建成围墙。基座1．6米、上为0．6米高的露孔栏杆。1980年6月由武昌县人民政府拨款进行维修。陵园东紧临107国道有三孔式门楼，为1993年武昌县人民政府修建。1996年10月、2003年12川武汉市人民政府拨专款进行了全面维修和环境整治。园内由南向北依次为纪念墓、纪念亭、纪念砷等纪念建筑。,"https://ss2.bdstatic.com/70cFvnSh_Q1YnxGkpoWK1HF6hhy/it/u=3256441521,3528608055&fm=26&gp=0.jpg"
3,孙中山先生铜像,114.2915760001,30.5749620002,孙中山铜像位于汉口六渡桥的三民路，建成于1933年。1992年定为湖北省省级文物保护单位。,"https://ss0.bdstatic.com/70cFuHSh_Q1YnxGkpoWK1HF6hhy/it/u=1163663531,8494379&fm=26&gp=0.jpg"
3,黄兴铜像,114.2810589999,30.5609699998,在汉阳龟山东麓。建造于1933年。江小鹣设计创作，武汉市茂隆营造厂承建。初立于武昌蛇山奥略楼后。1955年，因建设长江大桥暂迁于蛇山黄鹤楼剧场东侧。1985年10月正式迁现址。铜像面对长江，背依龟山。通高5米，麻石基座高3米。黄兴先生衣着西装，手撩大衣襟，气宇轩昂。,"https://ss3.bdstatic.com/70cFv8Sh_Q1YnxGkpoWK1HF6hhy/it/u=325496118,2869814877&fm=26&gp=0.jpg"
3,史沫特莱旧居,114.3033459997,30.5881790000,位于武汉市江岸区鄱阳街32号。艾格妮丝·史沫特莱（AgnesSmedley）（1892-1950），美国人，新闻工作者，同情和支持中国人民的解放事业。1938年，来华采访中国抗日战争，居住于此。这里当时是汉口圣公会鄂湘区主教鲁兹的住宅。鲁兹(Bishop.Roots)，美国人，中文名吴德斯。1904年至1938年在汉口传教，他同情和支持中国人民的反帝反封建革命斗争，其住地成为辛亥革命志士、进步的新闻记者和中共领导人的活动场所。旧居坐东南朝西北，是两栋西式二层砖木结构的楼房，建筑面积646平方米。（第三批）,"https://ss3.bdstatic.com/70cFv8Sh_Q1YnxGkpoWK1HF6hhy/it/u=58857803,1181356882&fm=26&gp=0.jpg"
3,宋庆龄汉口旧居,114.3063200002,30.5930940000,宋庆龄汉口旧居在汉口沿江大道的黎黄陂路口，有一座高三层的小楼。它有着杏黄色的外表和纪念碑似的塔楼，是座典型的俄罗斯风格建筑。塔楼高四层，方形，连接起靠黎黄陂路和沿江大道的两侧主立面，是小楼的亮点。特别是建造在塔楼每层越向上越小的窗户，在不规则中跳跃，使小楼显得独特新颖。,"https://ss0.bdstatic.com/70cFuHSh_Q1YnxGkpoWK1HF6hhy/it/u=2264369157,246626665&fm=26&gp=0.jpg"
3,国民政府第六战区受降堂旧址,114.2768780004,30.5909989996,国民政府第六战区受降堂旧址在汉口中山公园内西北角，东临胜利广场，西依人工湖，是一座平顶厅堂式的横列建筑，长34米，宽12米，面积约400平方米。,https://timgsa.baidu.com/timg?image&quality=80&size=b9999_10000&sec=1559730068009&di=8cedb60fbadbeb1526b795da258c34fd&imgtype=0&src=http%3A%2F%2Fs7.sinaimg.cn%2Fmw690%2F0028KmMlzy70ydrwWVM76%26690
3,孙武、吴兆麟墓,114.4338960000,30.5436230002,位于武汉市洪山区伏虎山。孙武(1880-1939)、吴兆麟(1882-1941)都是辛亥革命武昌起义的主要领导人之一。分别于1939和1941年病逝，安葬在伏虎山。（第四批）,https://timgsa.baidu.com/timg?image&quality=80&size=b9999_10000&sec=1560324757&di=dcf4853b61466f4de9f027427354b424&imgtype=jpg&er=1&src=http%3A%2F%2Fp2.ssl.cdn.btime.com%2Ft01ea0e3ff22733597f.jpg%3Fsize%3D600x399
3,张森墓,114.3805590000,30.5233719998,位于武汉市武昌区卓刀泉。张森（1887—1928），辛亥革命时期参加革命，是北伐军著名将领，后因积劳成疾病逝，也是北伐战争中去世的最高级别将领之一。（第四批）,"https://ss2.bdstatic.com/70cFvnSh_Q1YnxGkpoWK1HF6hhy/it/u=3426024656,3156206200&fm=15&gp=0.jpg"
3,郝梦龄墓,114.4338960000,30.5436230002,位于武汉市洪山区伏虎山。郝梦龄（1898—1937），抗日战争时期著名将领，1937年10月在山西忻口抗击日本侵略军时壮烈殉国，以国葬礼安葬。（第四批）,https://timgsa.baidu.com/timg?image&quality=80&size=b9999_10000&sec=1559729926228&di=2cf53d46911b80010bc90fd0a33b58a1&imgtype=0&src=http%3A%2F%2Fimg1.cache.netease.com%2Fcatchpic%2FB%2FB8%2FB8700E073CA124AFEF3036706A40FDC6.jpg
3,吴光浩烈士旧居及墓,114.4273850001,30.9678869996,位于武汉市黄陂区王家河镇。吴光浩（1906—1929），1926年毕业于黄埔军校，在黄麻起义中任副总指挥，后任中国工农革命军鄂东军第二路军司令，1929年牺牲。（第四批）,https://gss2.bdstatic.com/9fo3dSag_xI4khGkpoWK1HF6hhy/baike/c0%3Dbaike220%2C5%2C5%2C220%2C73/sign=5e22b160a9cc7cd9ee203c8b58684a5a/e1fe9925bc315c60c625c16287b1cb134854778f.jpg
3,抱冰堂,114.3190629997,30.5480460000,抱冰堂建于1909年，是清末两湖总督张之洞的生祠，也是辛亥革命百年重要建筑，目前是张之洞纪念馆。位于武汉市武昌蛇山南腰，首义公园内，湖北省图书馆东边。,https://timgsa.baidu.com/timg?image&quality=80&size=b9999_10000&sec=1559729731899&di=a13c186ff782ea5f6afd944524534f0b&imgtype=0&src=http%3A%2F%2Fs16.sinaimg.cn%2Fmw690%2F001nJQopgy6RBoMNkjt3f%26690
3,汉口麦加利银行大楼,114.3081590004,30.5938180001,麦加利银行大楼位于外滩中山东一路18号大楼，是一幢三层砖木结构的英国风格建筑，解放前叫麦加利银行大楼，解放后易名为春江大楼。大楼由公和洋行设计，英商德罗·考尔洋行承建。占地面积1755平方米，建筑面积10256平方米，钢筋混凝土结构，外观呈文艺复兴时期的建筑风格。,https://timgsa.baidu.com/timg?image&quality=80&size=b9999_10000&sec=1560322449&di=f538fdb030dd243b91dcb426622ff8a5&imgtype=jpg&er=1&src=http%3A%2F%2Fs1.sinaimg.cn%2Fmw690%2F002UnMfCgy6HF8u1T20f0
3,汉口俄商新泰大楼,114.3563349999,30.6721849996,新泰大楼位于武汉江滩对面，建于1924年，景明行设计，古典主义建筑，入口设在转角上，顶部有椭圆形穹隆塔楼，永茂昌营造厂承建。该楼高31米，5层，砖混结构。虽仍保留了三段构图和圆柱以及塔楼等古典主义风格，但却省去了烦琐的雕刻和装饰，整座建筑显得既庄重又较简洁。   现为国家发展计划委员会国家物资储备局设计院。,https://timgsa.baidu.com/timg?image&quality=80&size=b9999_10000&sec=1559727527428&di=80a0e10e2efc23ce6323f6ad7454dfad&imgtype=0&src=http%3A%2F%2Fzt.cjn.cn%2Fzt2014%2Fczzewlcd%2Fdfcg%2F201408%2FW020140808369826986906.jpg
3,汉口上海路天主堂,114.3032129999,30.5847379996,上海路天主教堂也称为汉口圣若瑟堂，位于湖北省武汉市汉口区上海路16号，为天主教汉口教区主教座堂。教堂于1874年动工，1876年落成。耗资12万法朗。,https://timgsa.baidu.com/timg?image&quality=80&size=b9999_10000&sec=1559727496248&di=7cbb0aa2db4b9b87a1f018472690f9f5&imgtype=0&src=http%3A%2F%2Fimg.ph.126.net%2Fp5WqXcSnIvRhO9pmPqbDkw%3D%3D%2F3296353452259100118.jpg
3,汉口美国领事馆旧址,114.3050839998,30.5975860003,1861年4月，汉口被作为对外通商口岸的第二个月，美国即在武汉设立了领事馆。开馆之初，馆址在汉阳。1905年，随着这座红色的巴洛克风格的领事馆大楼落成，美国领事馆迁至汉口。,http://picuser.city8.com/news/image/2015112m/635820751302721616%E6%B1%89%E5%8F%A3%E7%BE%8E%E5%9B%BD%E9%A2%86%E4%BA%8B%E9%A6%86%E6%97%A7%E5%9D%801.jpg
3,汉口英商电灯公司旧址,114.3056469997,30.5890529998,汉口英商电灯公司旧址位于武汉市汉口天津路。建于1905年，景明洋行设计，汉协盛营造厂施工。三层砖混结构，文艺复兴式风格，建筑面积2983平方米，红屋瓦面，仿麻石外墙，顶部建有钟楼。该旧址是武汉城市工业发展史的重要见证。,https://timgsa.baidu.com/timg?image&quality=80&size=b9999_10000&sec=1559727307686&di=8ba11d87cccbc9884a3f774ec6cffd7f&imgtype=0&src=http%3A%2F%2Fs3.sinaimg.cn%2Fmw690%2F0018LUzLzy77Hk5Ul2222%26690
3,汉口英商和利冰厂旧址,114.3065429997,30.5966549996,汉口英商和利冰厂旧址位于武汉市江岸区岳飞街。建于1904年，原为法国侨民的住宅，1907年转给和利冰厂，并进行了改造。二层砖木结构，建筑面积1286平方米。巴洛克式建筑风格，阳台与窗台均挑出半圆形，整体呈波浪式弧线，是武汉优秀的工业遗产建筑。,"https://ss1.bdstatic.com/70cFuXSh_Q1YnxGkpoWK1HF6hhy/it/u=824091556,51200755&fm=15&gp=0.jpg"
3,汉口美国海军青年会旧址,114.3063200002,30.5930940000,旧址位于武汉市江岸区黎黄陂路。建于1913年，四层砖木结构，建筑面积1546.99平方米。属巴洛克式建筑风格。整座建筑以中部为轴，两侧对称布置。正立面为纵向三段式划分。主入口居于正中，并用双肢爱奥尼克柱加以强化。该旧址是武汉近现代优秀历史建筑的代表作。（第五批）,https://timgsa.baidu.com/timg?image&quality=80&size=b9999_10000&sec=1559727191590&di=b10eb81b223c6bf60d93da0f8a2c9a20&imgtype=0&src=http%3A%2F%2Fpic29.huitu.com%2Fres%2F20150322%2F626517_20150322144213208314_1.jpg
3,唐生智公馆旧址,114.3142550001,30.6060840001,唐生智公馆旧址位于武汉市江岸区胜利街。唐生智（1889-1970），字孟潇，湖南东安人。曾任国民革命军第八军军长、北伐军前敌总指挥，第四集团军总司令，湖北省政府主席，南京国民政府军事参议院院长，全国人大常委会委员、全国政协常委、民革中央常委等职。旧址建于1913年，三层砖混结构，，是北伐时期唐生智的住宅具有较高的历史价值。,https://timgsa.baidu.com/timg?image&quality=80&size=b9999_10000&sec=1559727158901&di=3ae0c713c5449d8a6440ae872ba06a8a&imgtype=0&src=http%3A%2F%2Fp.cgmol.com%2F20180424%2Fb_51333_20180424221148755231995.jpg
3,汉口赞育药房,114.3050839998,30.5975860003,武汉汉口赞育药房,"http://img3.imgtn.bdimg.com/it/u=1146676436,2916500695&fm=15&gp=0.jpg"
3,汉口电话局旧址,114.3055339999,30.5902569996,口电话局旧址位于武汉市江岸区合作路。建于1915年，英商通和有限公司设计，魏清记营造厂施工。四层钢筋混凝土结构。底层仿麻石粉刷，做横向线槽。上部窗间墙竖向划分。入口置于正中，用古典柱式强调、上方顶部做有一个三角形牌面。三层设水平腰线，临街面设有出挑阳台。该旧址是武汉城市工业发展史的重要见证。,https://timgsa.baidu.com/timg?image&quality=80&size=b9999_10000&sec=1559728096117&di=98d2a128ce29d3eedb6841efbea4cbc1&imgtype=0&src=http%3A%2F%2Fp2-q.mafengwo.net%2Fs9%2FM00%2F8B%2FFB%2FwKgBs1gX5QmADMmqAAwpIDoEp-Q94.jpeg%3FimageView2%2F2%2Fw%2F680%2Fq%2F90%257CimageMogr2%2Fstrip%2Fquality%2F90
3,汉口景明大楼,114.3041370002,30.5899360000,景明大楼的建筑风格已经受到新建筑运动的影响，外观处理趋于简洁现代，简化了古典的装饰，内部平面布局也很紧凑。第二次世界大战后，景明洋行停办，景明大楼改为一座外侨公寓。,"https://ss3.bdstatic.com/70cFv8Sh_Q1YnxGkpoWK1HF6hhy/it/u=2262944573,3892207514&fm=26&gp=0.jpg"
3,汉口交通银行旧址,114.3142550001,30.6060840001,交通银行原为旧中国四大官僚资本银行之一，1907年11月，邮传部为经理铁路、电报、邮政、航运四项事业的收付，向慈禧和光绪奏请设立交通银行。总行设立后第二年（1909年）4月，便设立了汉口分行。交通银行是中国最早的发钞行之一，成立后做的第一件事，就是负责借款赎回京汉铁路。,http://y2.ifengimg.com/cd3958167fe49108/2013/0828/rdn_521dacbcccc90.jpg
3,汉口平汉铁路局旧址,114.3142550001,30.6060840001,汉口平汉铁路局旧址位于武汉市江岸区胜利街。建于1911年，4层建筑，结构砖木，外墙为青灰色铁砂砖砌筑，平面呈王字型布局，中部入口设门斗，两翼突出做成骑楼，行人可从底层空廊中通过，其建筑特色对丰富城市街道空间具有特殊的作用。,https://timgsa.baidu.com/timg?image&quality=80&size=b9999_10000&sec=1559728313334&di=6ce254bc878d92cf83fa5d6bf6174114&imgtype=0&src=http%3A%2F%2Fqcloud.dpfile.com%2Fpc%2FdTTdGvMkPU1I6qdXiOmmfZBsO1iDEsToNqaTff4dXForu7nMSCtlSj7iGU77jW6uTYGVDmosZWTLal1WbWRW3A.jpg
3,汉口盐业银行大楼,114.2936729997,30.5821180001,汉口平汉铁路局旧址位于武汉市江岸区胜利街。建于1911年，4层建筑，结构砖木，外墙为青灰色铁砂砖砌筑，平面呈王字型布局，中部入口设门斗，两翼突出做成骑楼，行人可从底层空廊中通过，其建筑特色对丰富城市街道空间具有特殊的作用。,"https://ss2.bdstatic.com/70cFvnSh_Q1YnxGkpoWK1HF6hhy/it/u=3098681193,2575268415&fm=26&gp=0.jpg"
3,汉口商业银行大楼,114.2985289997,30.5890129998,位于武汉市江岸区南京路。建于1931年，为局部六层钢筋混凝土结构，平面呈方形，整体造型呈围合状态，占地面积1100平方米，建筑面积4730平方米。此大楼总体上属于西方古典风格，局部有一些中式的建筑特征。日军占领武汉后，该楼被汪伪汉口特别市政府征用，1938年11月26日武汉汉奸治安维持会在此成立，1939年4月20日汉口特别市政府在此成立。该大楼是武汉近现代公共建筑的代表作之一。（第五批）,https://timgsa.baidu.com/timg?image&quality=80&size=b9999_10000&sec=1559728414315&di=e409658e2c0e8e14de01a4a85c5a293e&imgtype=0&src=http%3A%2F%2Fpic29.huitu.com%2Fres%2F20150322%2F626517_20150322150558707392_1.jpg
3,中南局招待所旧址,114.3328679996,30.6560910003,位于武汉市江岸区。1953年2月，中南局公安部在此设立中南局-招待所，负责接待来汉的中央-和外国要员。毛泽东、刘少奇、罗瑞卿等同志都曾下榻此处。旧址始建于20世纪30年代初，西方别墅式建筑，砖混结构。具有较高的历史和艺术价值。（第五批）,https://timgsa.baidu.com/timg?image&quality=80&size=b9999_10000&sec=1559728507286&di=7f2e218e14bb749b681cd3bbd16110b1&imgtype=0&src=http%3A%2F%2Fpic84.huitu.com%2Fres%2F20160812%2F582898_20160812140447130392_1.jpg
3,武汉防汛纪念碑,114.3161999998,30.5810840001,防洪纪念碑建于1969年，是为“毛泽东同志为武汉人民战胜1954年洪水题词”而建的纪念碑。该碑地处武汉市汉口滨江公园江堤上，面向大江，占地1160平方米。台基高4.9米，正面与两侧设宽大台阶，四周围以护栏。碑身高37米，碑顶立直径1.8米五角红星，下饰红绸、葵花簇拥天安门图案。碑身正面镶嵌乳白色大理石，上有用铝板镀金制成的毛泽东亲笔题词：“庆贺武汉人民战胜了一九五四年的洪水，还要准备战胜今后可能发生的同样严重的洪水。”题词上部红瓷砖上还嵌有毛泽东头像。基座正面镌刻毛泽东诗词《水调歌头·游泳》，左右侧面为武汉人民抗洪抢险大型浮雕，构图完整，造型生动，气势雄伟。1983年武汉市人民政府公布为市级文物保护单位。,https://timgsa.baidu.com/timg?image&quality=80&size=b9999_10000&sec=1559728539721&di=36dc7e688e36413128bf7cb162f42751&imgtype=0&src=http%3A%2F%2Fdpic.tiankong.com%2Fbs%2Fai%2FQJ7103383574.jpg%3Fx-oss-process%3Dstyle%2Fshow
3,中共中央军委办事处旧址,114.3536219998,30.5648600002,位于武汉市武昌区中和里。1927年，中共中央军委迁武汉，在此设武昌办事处。旧址坐南朝北，占地面积约1000平方米，为四幢对称的里弄式二层楼房，砖木结构，红瓦坡顶。该旧址是中共中央军委早期活动的重要见证。（第五批）,https://timgsa.baidu.com/timg?image&quality=80&size=b9999_10000&sec=1559728676868&di=7707b91c102c09ca0afe718721c5ea46&imgtype=0&src=http%3A%2F%2Fwww.zgdsw.org.cn%2FNMediaFile%2F2013%2F0509%2FMAIN201305091450000546223222947.jpg
3,武泰闸,114.3047529999,30.5321920001,清光绪二十五年至三十二年间（1899~1906），湖广总督张之洞主持修建了武泰闸。2008年3月，湖北省政府正式将武泰闸列入省级文物保护单位予以保护。,"https://ss1.bdstatic.com/70cFvXSh_Q1YnxGkpoWK1HF6hhy/it/u=797969248,637479849&fm=26&gp=0.jpg"
3,武昌一纱厂旧址,114.3360669996,30.6012009997,"位于武汉市武昌区临江大道。武昌第一纱厂原称商办纺织股份有限公司，1919年建成，是辛亥革命后武汉地区第一个由民族资本家创办的纺织工厂。现仅存厂部办公楼。三层砖混结构，正面设二层外廊，古典爱奥尼柱式，中部入口略为凸出并建钟楼，外观造型严谨对称，又富于形体和线型变化，形似""新巴洛克""建筑。该大楼是近代民族资本主义工业发展的重要见证，具有较高的历史和艺术价值。（第五批）",https://timgsa.baidu.com/timg?image&quality=80&size=b9999_10000&sec=1559728863531&di=f72422513459aa4e483c536d55419c10&imgtype=0&src=http%3A%2F%2Fs2.sinaimg.cn%2Fmw690%2F002498T0zy7b5STb93H21%26690
3,阅马场孙中山铜像,114.3151930002,30.5455730002,阅马场孙中山铜像在辛亥革命武昌起义军政府旧址（红楼）大门前，矗立着一尊孙中山铜像。孙中山铜像身著中国传统服装长袍马褂，左手持有礼帽，右手手握拐杖，背衬红楼悬挂着的十八星旗，庄严肃立，持重安详，目光炯炯，与黄兴拜将台遥遥相望。,"https://ss3.bdstatic.com/70cFv8Sh_Q1YnxGkpoWK1HF6hhy/it/u=3747456211,2949549840&fm=15&gp=0.jpg"
3,孙中山纪念碑,114.3195840003,30.5479720002,孙中山纪念碑建于1928年，1930年落成。碑的造型可以说是独具匠心、构思非常奇巧的，它远看犹如一个巨大的“文”字耸立天穹。孙中山名文，号逸仙，碑上的“文”字则暗含了孙文的意思。细看铜像和碑身是“文”字的一点，两边的阶梯交叉而上，构成“文”字的一撇和一捺。碑座正面刻有“亲爱精诚”四个大字。“亲爱精诚”是军校的校训，其意是，大家要互助互爱，真诚合作。纪念碑四面都刻有碑文。,"https://ss2.bdstatic.com/70cFvnSh_Q1YnxGkpoWK1HF6hhy/it/u=164853692,2318839320&fm=26&gp=0.jpg"
3,田桐墓,114.3161999998,30.5810840001,田桐墓位于武汉市武昌洪山南坡广州军区武汉总医院内，是武汉市著名的辛亥革命遗址之一。该墓始建于1930年。墓碑上刻“田梓琴先生之墓”。墓前原有墓表及墓道，已毁。墓冢基本保存完好。,https://timgsa.baidu.com/timg?image&quality=80&size=b9999_10000&sec=1559732875162&di=17ba272e4a920e07e46caf6eaf468690&imgtype=0&src=http%3A%2F%2Fpic.baike.soso.com%2Fugc%2Fbaikepic2%2F13555%2F20160810181826-712649554.jpg%2F800
3,国民政府军事委员会政治部第三厅旧址,114.3169969997,30.5575539996,国民政府军事委员会政治部第三厅旧址，位于武昌昙华林武汉市第十四中学内。国民党军委会政治部是1938年初第二次国共合作时期在武汉成立的。 第三厅则是由共产党领导下的进步人士组成。厅长是郭沫若。最初设五、六两处，以后又增设第七处，组织机构较一、二两厅为大。五处处长胡愈之，六处处长田汉（寿昌），七处处长范寿康。三个处分管动员工作、艺术宣传、对敌宣传等业务。厅长办公室主任秘书阳翰笙，科长有洪深、杜国庠（守素）、郑用之、冯乃超等人。,https://timgsa.baidu.com/timg?image&quality=80&size=b9999_10000&sec=1560327571&di=46715d235711616a425a781c68927d1d&imgtype=jpg&er=1&src=http%3A%2F%2Fhbwh.wenming.cn%2Fjwmsxf%2F201409%2FW020140928604954722944.jpg
3,张难先旧居,114.3190629997,30.5480460000,位于武汉市武昌区蛇山山麓。张难先(1874-1968)，湖北沔阳(今仙桃市)人，1911年参加武昌起义。抗日战争末期，在中国共产党的统一战线政策的影响下，逐渐转向支持民主活动。新中国成立后，曾任中南军政委员会副主席、全国人大常委会委员。旧居系二十世纪二十年代，张难先在民国政府任职时所建，又名“灵山窝”，单层砖木结构，张难先在此一直生活至二十世纪五十年代，是研究辛亥首义文化的重要实物。（第五批）,"https://ss3.bdstatic.com/70cFv8Sh_Q1YnxGkpoWK1HF6hhy/it/u=1629208646,3907003193&fm=26&gp=0.jpg"
3,石瑛旧居,114.3169969997,30.5575539996,位于武汉市武昌区昙华林社区。石瑛(1878—1943)，字蘅青，湖北阳新人。中国同盟会会员，曾任众议院议员、北京大学教授、国民党一大中央委员、南京市市长等。被誉为“民国第一清官”。旧居建于二十世纪三十年代末，欧洲十九世纪别墅式建筑，坐北朝南，二层砖木结构，占地面积908平方米，建筑面积326平方米，是研究辛亥首义文化的重要实物。（第五批）,https://timgsa.baidu.com/timg?image&quality=80&size=b9999_10000&sec=1559732419148&di=ea7b3011315be2f009ecf76d106857c2&imgtype=0&src=http%3A%2F%2F5b0988e595225.cdn.sohucs.com%2Fimages%2F20170624%2F6958970fe23b49789762b0d40925ac2f.png
3,东湖毛泽东旧居,114.3704339998,30.5609960001,武汉东湖宾馆内有一片依山傍水的老建筑，古木环抱，随地势起伏，与自然融为一体。这里就是东湖毛泽东旧居，新中国成立后，毛泽东曾31次下榻这里，每次短则十天，长则半年。东湖宾馆（当时叫东湖客舍）是中南海之外毛泽东居住次数最多、时间最长的地方。,"https://ss1.bdstatic.com/70cFvXSh_Q1YnxGkpoWK1HF6hhy/it/u=2689663601,3126997500&fm=26&gp=0.jpg"
3,武昌首义纪念碑,114.3195840003,30.5479720002,辛亥革命武昌首义纪念碑位于湖北省武汉市武昌蛇山南麓首义公园内，东近抱冰堂，西邻梅廊。由湖北省暨武汉市辛亥革命武昌首义七十周年纪念大会筹备领导小组于1981年主持修建，是年10月10日揭幕。,"https://ss0.bdstatic.com/70cFuHSh_Q1YnxGkpoWK1HF6hhy/it/u=483108478,1138992078&fm=15&gp=0.jpg"
3,黎元洪墓,114.4338960000,30.5436230002,黎元洪墓是中华民国军政府鄂军都督府、辛亥革命湖北军政府的都督、中国历史上唯一一位两任大总统和三任副总统的人——黎元洪的墓地。黎元洪墓始建于民国二十四年（1935年），是辛亥革命重要的历史遗迹，“民国三大陵”之一。,https://timgsa.baidu.com/timg?image&quality=80&size=b9999_10000&sec=1560327228&di=3b7701bdcad6bbbf20951c761fd50fcc&imgtype=jpg&er=1&src=http%3A%2F%2Fs6.sinaimg.cn%2Fmiddle%2F56caeb2fxc2ab79e043a5%26amp%3B690
3,汉口东正教堂,114.3044149996,30.5889379999,该堂建于1885年，单层砖石结构，面积约220平方米，是武汉市唯一的俄国东正教堂。因该堂也有主保，所以教内称其为阿列克桑德聂夫堂。,https://dimg07.c-ctrip.com/images/100b0p000000fzfz984A8_R_1600_10000_Mtg_7.jpg
3,亚细亚火油公司汉口分公司旧址,114.3068199998,30.5880230000,亚细亚火油公司汉口分公司旧址位于武汉市江岸区天津路1号。建于1924～925年间，英国景明洋行设计，魏清记营造厂施工，属欧洲文艺复兴古典主义风格。英国亚细亚火油公司1890年于上海设立中国总公司。1912年在汉口设分公司。珍珠港事件后，大楼曾作日军禁锢俘虏之用。该旧址占地面积900平方米，系五层钢筋混凝土结构，立面按三段式划分，采用西式隅石与中式纹样作为装饰，外墙仿麻石墙面，墙角有隅石护角，檐口装饰及阳台细部处理留有中国传统手法痕迹。该旧址是汉口早期现代建筑中的代表作，也是汉口民国时期重要的商贸建筑。,https://timgsa.baidu.com/timg?image&quality=80&size=b9999_10000&sec=1560327457&di=161db0b8496f158ba3a94c18cc2c6a3e&imgtype=jpg&er=1&src=http%3A%2F%2Fqcloud.dpfile.com%2Fpc%2F6X29UQeUJpUyOvQWn-34VXSx2Igh47L30FUEgrBCfy5mE5cTlkEghg4rwc6lZ2zyTYGVDmosZWTLal1WbWRW3A.jpg
3,中国银行汉口分行旧址,114.3097680000,30.6031109997,中国银行汉口分行旧址位于武汉市江岸区中山大道1021号，1915年建成，建筑面积3884平方米。为五层钢筋混凝土结构，西方古典主义建筑风格。在立面构图上采用三段式手法，底层是厚重的花岗岩基座，中部为虚实相映的拱券、柱廊，顶部是水平厚檐。外墙麻石砌筑，内部装饰精美。整栋建筑宏大而庄重。该旧址对研究武汉市近现代金融业及中国银行发展史具有极高价值。,https://timgsa.baidu.com/timg?image&quality=80&size=b9999_10000&sec=1559732771955&di=7baa7083351ffebb32ba616c16bc4fe3&imgtype=0&src=http%3A%2F%2Fs16.sinaimg.cn%2Fmiddle%2F4403f6e5x8b73738b62bf%26690
3,中国实业银行大楼旧址,114.3023000000,30.5833199998,位于武汉市江岸区江汉路22号，建于1935年，卢镛标设计，李丽记营造厂承建，建筑面积4645平方米。该旧址为八层钢筋混凝土结构，属现代派建筑，立面简洁，外墙裙用黑色大理石贴面，外墙用红色涂料粉饰。中国实业银行大楼创汉口建筑之新风，是武汉现代派建筑的里程碑，对研究武汉市近现代金融业及近现代早期建筑有较高价值。,"https://ss0.bdstatic.com/70cFuHSh_Q1YnxGkpoWK1HF6hhy/it/u=790064246,3497383310&fm=26&gp=0.jpg"
3,四明银行汉口分行旧址,114.3005799999,30.5842389999,位于武汉市江汉区江汉路45号，建于1936年，卢镛标建筑事物所设计，汉协盛营造厂施工。四明银行1908年成立于上海，1919年成立汉口分行。,"https://ss1.bdstatic.com/70cFvXSh_Q1YnxGkpoWK1HF6hhy/it/u=516742245,15109744&fm=26&gp=0.jpg"
3,上海银行汉口分行旧址,114.3000220002,30.5851400001,上海银行汉口分行旧址位于武汉市江岸区江汉路60号，1923年建，由三义洋行设计，上海三合兴营造厂施工。上海商业储蓄银行（简称上海银行）于1919年在汉口设立分理处，次年改组为分行。该旧址占地面积590平方米，钢筋混凝土结构，古典主义风格，地上四层、地下一层。外部麻石雕花门墙。正面五开间。一层为拱券门窗，麻石砌墙，二至三层中部窗间有圆柱装饰。上海银行汉口分行是汉口民国时期重要的金融机构，该旧址也是汉口近代建筑的典范之一。,https://timgsa.baidu.com/timg?image&quality=80&size=b9999_10000&sec=1559729431488&di=ecfeb0338815e25d91c3110ebb54dcad&imgtype=0&src=http%3A%2F%2Fs14.sinaimg.cn%2Fmw690%2F001EioBhgy6RzCYV2lTcd%26690
3,西商赛马俱乐部旧址,114.3051910003,30.6138890003,位于武汉市江岸区劳动街解放公园路解放公园东侧，俗称西商跑马场，是英国人主办的在汉外国侨民高级体育俱乐部。建于光绪二十八年（1902），汉协盛营造厂承建，占地面积约53.4万平方米。由跑马场、看台、一组建筑组成。跑马场现已成为解放公园的一部分；看台在解放军国防信息学院宿舍区内；一组建筑在武汉人民艺术剧院内，为二层砖木结构，平面布局灵活，立面丰富多变，屋顶部分错落有序，属欧洲中世纪乡村贵族别墅式风格。该旧址为武汉近现代建筑中的一组大型公共娱乐建筑，具有鲜明的特色和风格，在武汉乃至全国近现代建筑中不多见。,"https://ss0.bdstatic.com/70cFvHSh_Q1YnxGkpoWK1HF6hhy/it/u=156709659,2394155841&fm=15&gp=0.jpg"
3,台湾银行汉口分行旧址,114.3021609999,30.5829810004,位于武汉市江汉区江汉路21号，建成于1915年，中国建筑师庄俊设计，汉协盛营造厂施工，建筑面积3000平方米，属古典主义风格。台湾银行于1898年由日本创办，1915年在汉口设立分行。该旧址为五层（地下一层）钢筋混凝土结构，外墙麻石到顶；正面三段式构图，第一段为一至二层，其中间和两侧入口均为半圆拱门，二层的窗户也为半圆形；第二段为三至四层，中部为柱廊，有十根廊柱；第三段为檐部及屋顶券廊，采用中西结合的装饰手法。台湾银行汉口分行是日本侵占台湾后，所设银行在内陆的分支机构，该旧址是日本对中国进行侵略的实物见证。,"https://ss3.bdstatic.com/70cFv8Sh_Q1YnxGkpoWK1HF6hhy/it/u=3141227500,1499190519&fm=26&gp=0.jpg"
3,国共汉口会议旧址,114.2982640001,30.6169419999,位于武汉市江岸区惠济路39号，1922年建成，原是杨森公馆，白崇禧曾居住。1946年，国共两党为制止中原内战，在该处举行由共产党、国民党及美国代表参加的“汉口会议”，并达成“汉口协议”。旧址建筑面积约为1260平方米。砖石结构，地上三层，地下一层，房屋整体对称分布，房屋基座较高，入口处设有门廊，墙面均用细沙装饰，门窗为暗红色。该旧址具有较高的历史价值和纪念意义。,"https://ss0.bdstatic.com/70cFvHSh_Q1YnxGkpoWK1HF6hhy/it/u=49549704,4282250926&fm=27&gp=0.jpg"
3,英文楚报馆旧址,114.3027829998,30.5910340003,位于武汉市江岸区胜利街99号，建于1924年，由格里波夫设计，汉协盛营造厂施工。英文楚报馆创始人为英国传教士、汉口圣教书局经理计约翰，英文楚报主要刊登中国各省的消息。1924年大楼建成后，路透社曾在内办公。武汉沦陷后，英文楚报为汉口唯一发行的英文报纸。旧址建筑面积约3145平方米，属古典复兴式建筑。原系地上四层、地下一层的钢筋混凝土结构，后地上增设一层。大楼外观多变，外墙素净，线脚简化，以柱式控制构图，麻石粉面。该旧址融入了西方建筑手法，对于研究近现代建筑具有参考价值；同时，它对于研究英文楚报的历史具有较高价值。,https://timgsa.baidu.com/timg?image&quality=80&size=b9999_10000&sec=1560325365&di=0e34a46614bfc7aeacd0fc30d4416713&imgtype=jpg&er=1&src=http%3A%2F%2Fimage109.360doc.com%2FDownloadImg%2F2018%2F04%2F1008%2F129765888_23_20180410084149284.jpg
3,汉口总商会暨中华全国文艺界抗敌协会旧址,114.3080590003,30.6002649997,汉口总商会暨中华全国文艺界抗敌协会旧址位于武汉市江汉区中山大道949号。由汉协盛营造厂设计、施工，1919年始建，1921年正式启用。抗战期间，曾是各阶层人士活动的重要场所。1938年3月27日，在周恩来和郭沫若的组织下，中华全国文艺界抗敌协会在此成立，发起人包括文艺界各方面代表97人。成立大会通过了《中华全国文艺界抗敌协会宣言》，并推举蔡元培、罗曼·罗兰、史沫特莱等13人为名誉主席团成员，郭沫若、茅盾等45人为理事，周恩来、孙科、陈立夫为名誉理事，理事会推选老舍为总务部主任，主持日常工作。,https://timgsa.baidu.com/timg?image&quality=80&size=b9999_10000&sec=1559730852785&di=7231f1bff7c9d02940fa2b888ff0b842&imgtype=0&src=http%3A%2F%2Fs9.sinaimg.cn%2Fmiddle%2F750b9847077ac47a058a8%26690
3,汉口国民政府外交部旧址,114.3099920004,30.5982450001,武汉国民政府外交部设于该楼，外交部长为陈友仁。在中国人民第一次依靠自己的力量收回汉口、九江英租界的伟大历史壮举中，武汉国民政府外交部发挥了重要作用。该旧址占地面积约为464平方米，属于古典主义建筑风格，三层砖混结构，立面对称，居中为二柱宽柱式门廊，门廊两侧有小型花坛。该旧址对于研究武汉国民政府外交部的历史具有重要价值，同时，对于近现代建筑的研究也有一定参考价值。,https://timgsa.baidu.com/timg?image&quality=80&size=b9999_10000&sec=1560325523&di=3648efe2732a5fd29744a9c84887765f&imgtype=jpg&er=1&src=http%3A%2F%2Fy2.ifengimg.com%2Fcd3958167fe49108%2F2013%2F0814%2Frdn_520b37dd443bd.jpg
3,李书城旧居,114.3194030000,30.5467949999,李书城旧居位于武汉市武昌区武珞路51号。是李书城1932年前后在武汉任职期间的公馆。李书城（1882～1965），民主革命家，潜江人，参与创办《湖北学生界》，协同孙中山发起组织同盟会，参加过武昌起义、北伐战争。1932年任湖北省建设厅厅长、民政厅厅长。,https://timgsa.baidu.com/timg?image&quality=80&size=b9999_10000&sec=1559730752976&di=d16208cbacd93357a2aaf9b52d5f7f84&imgtype=0&src=http%3A%2F%2Fdimg03.c-ctrip.com%2Fimages%2Ffd%2Ftg%2Fg2%2FM01%2FF2%2F23%2FCghzgVVpcyeAUp4RACoUhKxrk1I295_R_1024_10000.jpg
3,既济水电公司宗关水厂旧址,114.2303709997,30.5851949999,既济水电公司宗关水厂旧址位于武汉市硚口区宗关街水厂社区。始建于1906年，在湖广总督张之洞的提倡下，由宁波商人宋炜臣创办，景明洋行设计，汉盛营造厂施工。水厂轮机房建于光绪三十二年（1906），属文艺复兴式建筑，一层，钢屋架，铁皮屋面，红砖清水墙，用壁柱作竖向划分，壁柱台阶形，由大到小逐次收分，与半圆劵的窗和门相协调。,"https://ss0.bdstatic.com/70cFuHSh_Q1YnxGkpoWK1HF6hhy/it/u=3208889468,399147134&fm=26&gp=0.jpg"
3,徐源泉旧居,114.6049159996,30.8375730003,位于武汉市新洲区仓埠街新洲二中内，建于1931年。徐源泉（1886～1960），武汉市新洲人，曾任国民党中央执行委员、第二十六集团军总司令。旧居由门厅、警卫室、配房、花园、凉亭、退园、主楼等组成，总占地面积4230平方米。主楼坐东向西，为两进一底一层连四间带天井串楼的砖木结构建筑，占地面积560平方米。门楼、公园、凉亭、退园等建筑为砖混结构。旧居在布局上因地制宜，颇有特点；在建筑风格上，中西结合、精巧别致，具有较高的历史、艺术、科学价值。,https://timgsa.baidu.com/timg?image&quality=80&size=b9999_10000&sec=1559730481240&di=2b6c4a43e50c6b1ba9b09d98c6c44dc6&imgtype=0&src=http%3A%2F%2Fa0.att.hudong.com%2F76%2F43%2F01200000030997134377434430887_s.jpg
3,姚家山新四军第五师机关旧址,114.2031439996,31.2552479998,姚家山新四军第五师机关旧址位于武汉市黄陂区蔡店乡姚家山村。由大礼堂旧址、李先念、陈少敏旧居、后勤部旧址、参谋部旧址、印刷厂旧址、修械所旧址、医院旧址、造弹厂旧址组成，保存较完好。姚家山新五师司政机关旧址是武汉市唯一保存较完好的近现代革命文物建筑群，具有较高的历史价值。,https://timgsa.baidu.com/timg?image&quality=80&size=b9999_10000&sec=1559730410464&di=fd6bf7e575e6824e57426ecde281c0e9&imgtype=0&src=http%3A%2F%2Fwhgytv.com%2Fupfile%2Fimage%2F20150728%2F20150728100130563056.jpg
3,武汉长江大桥,114.3190630000,30.5480460000,武汉长江大桥是中国著名的旅游景点之一。2013年5月3日，武汉长江大桥成为第七批全国重点文物保护单位。2016年9月，入选“首批中国20世纪建筑遗产”名录。,https://timgsa.baidu.com/timg?image&quality=80&size=b9999_10000&sec=1560325092&di=599d7577b295b19ee054a3d2fe21b002&imgtype=jpg&er=1&src=http%3A%2F%2Fimg.mp.sohu.com%2Fupload%2F20170607%2F224000af31a0408aa4a9282fb73aed34_th.png
3,八路军武汉办事处旧址,114.3161870000,30.6119110000,八路军武汉办事处是中共建立在当时国统区和全国抗日中心的重要机构，在领导团结国内外各界人士参加抗日战争中发挥了重要的作用，具有重要的历史价值和纪念意义 。,https://timgsa.baidu.com/timg?image&quality=80&size=b9999_10000&sec=1559730295223&di=310621390c33f238e2a02e37fbdd8343&imgtype=0&src=http%3A%2F%2Fwww.zjyw.cn%2Fattachment%2F201009%2F29%2F01%2F54%2F128573966845664500.jpg
3,汉口新四军军部旧址,114.3176630000,30.6123550000,1937年11月12日，经中共中央同意，叶挺开始在武汉正式组建新四军军部。1937年12月25日，叶挺、项英召开领导干部会议，新四军军部在汉口正式成立。为迅速完成新四军组建工作，军部同国民党当局谈判，解决了新四军各支队集中整编、干部任命、隶属关系问题，确定了红军游击队的集中整编办法、新四军的作战部署，并多方筹集款项、武器、物资。当年在这里工作和居住的新四军将领有叶挺、项英、张云逸、周子昆、曾山等。1938年1月下旬，新四军军部迁南昌，汉口军部改为新四军驻汉办事处。,"https://ss3.bdstatic.com/70cFv8Sh_Q1YnxGkpoWK1HF6hhy/it/u=293366927,2292822784&fm=26&gp=0.jpg"
3,湖北省立图书馆旧址,114.3175160000,30.5465010000,湖北省立图书馆旧址，位于湖北武汉市武昌区武珞路45号；始建于清光绪三十年（1904年），由张之洞主持创办，旧馆址设于武昌兰陵街西侧（今解放路）。于民国二十三年（1934年）六月开工，同年九月竣工落成 。,"https://ss0.bdstatic.com/70cFuHSh_Q1YnxGkpoWK1HF6hhy/it/u=2417991762,1752250294&fm=26&gp=0.jpg"
3,武汉中共中央机关旧址,114.3049700000,30.5933950000,武汉中共中央机关旧址，位于汉口胜利街163号、165号，是一座古老的西式三层居民楼，坐西朝东，红墙赤瓦，外墙上镶有一块铭刻有“中共中央机关旧址 武汉文物保护单位”的白色石牌。这里曾是中国共产党的“心脏”，党中央的许多重要会议和重大事情都在这里召开、决策。,https://timgsa.baidu.com/timg?image&quality=80&size=b9999_10000&sec=1559727067958&di=c2fd5ddc7d28d28a3bd6d85f1ec517d4&imgtype=0&src=http%3A%2F%2Fhbwh.wenming.cn%2Fzt2017%2Fwawc%2Fp2%2F201703%2FW020170324320607407268.jpg
3,武汉中央军事政治学校旧址,114.3041160000,30.5439440000,武汉中央军事政治学校旧址位于武汉市武昌区解放路259号武昌实验小学内，是大革命时期国共两党为培养国民革命军事、政治人才而合力创办的高等军事院校。　,https://timgsa.baidu.com/timg?image&quality=80&size=b9999_10000&sec=1559727030114&di=c890b612074311d6dcebff6ad9571e27&imgtype=0&src=http%3A%2F%2Fs3.sinaimg.cn%2Fmw690%2F001lb0jazy6Ysssmu7Uf2%26690
3,中国共产党第五次全国代表大会旧址,114.3047910000,30.5539240000,中国共产党第五次全国代表大会会址纪念馆位于“中国第一红街”—武汉市 武昌区都府堤20号 [1]  ，也是中共创始人之一毛泽东、陈潭秋早期革命活动旧址，会址原为1918年创办的国立武昌高等师范学校附属小学。,https://timgsa.baidu.com/timg?image&quality=80&size=b9999_10000&sec=1559726859004&di=4fd85ba301d6831f2f818c57272f758f&imgtype=0&src=http%3A%2F%2Fphoto.sohu.com%2F2004%2F06%2F30%2F57%2FImg220785768.jpg
3,中共中央领导人汉口住处旧址,114.3061070000,30.5888330000,武汉中共中央机关旧址，位于汉口胜利街163号、165号，是一座古老的西式三层居民楼，坐西朝东，红墙赤瓦，外墙上镶有一块铭刻有“中共中央机关旧址 武汉文物保护单位”的白色石牌。这里曾是中国共产党的“心脏”，党中央的许多重要会议和重大事情都在这里召开、决策。2013年入选第七批全国重点文物保护单位名单。,https://timgsa.baidu.com/timg?image&quality=80&size=b9999_10000&sec=1559726835667&di=538d94f38ab23ff34d87330ad5befbba&imgtype=0&src=http%3A%2F%2Fimg.mp.itc.cn%2Fupload%2F20161024%2F6aac887849f24226bc831157d825a78d_th.jpeg
3,汉口中共中央宣传部旧址,114.2990290000,30.5918950000,1927年初，与共产党合作的国民党中央和国民政府由广州迁都武汉。中共中央秘书处主任王若飞于4月10日左右到汉，并建立了中共中央办公处。中共中央迁到武汉后，中宣部设在汉口“模范区”辅义里27号，楼下是中共中央宣传部机关，楼上就住着瞿秋白。,https://timgsa.baidu.com/timg?image&quality=80&size=b9999_10000&sec=1559726717683&di=86a7eebf3ab7c00986b0959d213bc465&imgtype=0&src=http%3A%2F%2Fe.cjn.cn%2Fcjrb%2Fres%2F1%2F20130603%2F2321370200115265.jpg
3,京汉铁路总工会旧址,114.3245230000,30.6302530000,京汉铁路总工会旧址位于武汉市汉口解放大道2185号。1922年，京汉铁路沿线工人在中国共产党的领导下，展开反对帝国主义和封建军阀的斗争，先后成立了工人俱乐部（后改为分工会）。1923年2月1日，16个分工会的3万名工人在郑州召开京汉铁路总工会成立大会，遭到封建军阀吴佩孚的阻挠和破坏，总工会决定举行全路总同盟大罢工。2月3日，总工会由郑州秘密迁移至此，领导铁路工人的罢工斗争。旧址1980年修缮。为一旧式平房，砖木结构，坐西朝东，占地240平方米。旧址内举办有《二七罢工斗争史迹陈列》。,https://timgsa.baidu.com/timg?image&quality=80&size=b9999_10000&sec=1559726665083&di=cdceb53dc7b892dcaae902c2e4666dc7&imgtype=0&src=http%3A%2F%2Fimg.tv.cctv.com%2Fimage%2F20090623%2FIMAG1245747354143254.jpg
3,起义门,114.3536220000,30.5648600000,起义门原是武昌古城的中和门，始建于明洪武年间（公元1368年），距今700多年历史。1911年10月10日，湖北新军工程营起义后，迅速控制中和门，南湖马炮营得以从此门入城，在城头架炮轰击湖广总督府，掀开中国近代史新的一页。,https://timgsa.baidu.com/timg?image&quality=80&size=b9999_10000&sec=1560321351&di=2b3d4a762a730b913473c88f5a7dad5f&imgtype=jpg&er=1&src=http%3A%2F%2Fimg8.zol.com.cn%2Fbbs%2Fupload%2F19579%2F19578812.JPG
3,汉口中华全国总工会旧址,114.3020990000,30.5966440000,汉口中华全国总工会旧址位于湖北省武汉市。1926年10月10日，湖北省总工会成立，设机关于此，后中华全国总工会由广州迁武汉，也在此办公。除李立三曾任省总工会委员外，苏兆征、刘少奇、邓中夏、项英、林育南等都曾在此任职。大革命失败后，中华全国总工会迁至上海，湖北省总工会转入地下。1959年在此筹建纪念馆。,"https://ss0.bdstatic.com/70cFuHSh_Q1YnxGkpoWK1HF6hhy/it/u=3200885696,127346900&fm=26&gp=0.jpg"
3,汉口近代建筑群,114.3119890000,30.5984860000,汉口近代建筑群位于湖北省武汉市汉口，重建于民国二十五年，包括德国领事馆旧址、汇丰银行大楼、横滨正金银行大楼和水塔等。汉口近代建筑群是西洋式或中西结合形式及各种变异形式的用近代建筑材料建造的新式建筑，有着鲜明的时代特点。,https://timgsa.baidu.com/timg?image&quality=80&size=b9999_10000&sec=1559726472529&di=06cc6e70721e52b64beb5ae33e80ca2b&imgtype=0&src=http%3A%2F%2Fs7.sinaimg.cn%2Fmiddle%2F54f9be09g87a75fc962b6%26690
3,詹天佑故居,114.3055390000,30.5894430000,武汉詹天佑故居位于湖北省武汉市江岸区洞庭街51号，原汉口俄租界鄂哈路9号。詹天佑故居建于1912年，是詹天佑任汉粤川铁路会办兼总工程师期间由他本人亲自设计监造。古朴的青砖、木趟栊和满洲窗，是一座原汁原味的西关大屋。,https://timgsa.baidu.com/timg?image&quality=80&size=b9999_10000&sec=1559726367486&di=98d4315070db89f17fd980731252784c&imgtype=0&src=http%3A%2F%2Fimg.cbi360.net%2F2017%2F6%2F30%2F1fb045f5-e9bc-4c2c-96fa-e98d50dcec96.jpg
3,武汉大学早期建筑,114.3721700000,30.5434340000,武汉大学早期建筑之美，是一种壮美：仿布达拉宫的琉璃瓦建筑，“老斋舍”依山而建的磅礴气势，珞珈山麓最高建筑“老图书馆”人必仰视的八角飞檐，“行政楼”坐落半山的雄伟体量，均有让人敬仰的巍峨气度。,https://timgsa.baidu.com/timg?image&quality=80&size=b9999_10000&sec=1559561387690&di=97b88778eeeaa9493782d8f0645cede2&imgtype=0&src=http%3A%2F%2Fimg4.cache.netease.com%2Fhouse%2F2013%2F12%2F4%2F201312041529559d18e_550.jpg
3,汉江关大楼,114.2943790000,30.5894610000,江汉关大楼位于湖北省武汉市沿江大道与江汉路交汇处，占地1499平方米，建筑面积4009平方米，大楼使用英国建筑形式，主楼四层，底层为半地下室，钟楼四层，总高度46.3米，为武汉当时最高建筑，也是武汉市标志性建筑之一。,"https://ss0.bdstatic.com/70cFuHSh_Q1YnxGkpoWK1HF6hhy/it/u=1613994215,1611928319&fm=26&gp=0.jpg"
3,大智门火车站,114.3050840000,30.5975860000,大智门火车站位于湖北省武汉市江岸区京汉街，又名京汉火车站。于1903年建成启用，新中国成立后改名为“汉口火车站”。京广铁路建成后设立新汉口站，后来仿造大智门站的建筑风格改造成今天的汉口火车站，原站址不再沿用。,https://timgsa.baidu.com/timg?image&quality=80&size=b9999_10000&sec=1560155837&di=00b0865fec042eb03d213d1ffdbcd082&imgtype=jpg&er=1&src=http%3A%2F%2Fimg1.cbi360.net%2F2015%2F9%2F25%2F2015925151216274.jpg
3,武汉农民运动讲习所旧址,114.3067610000,30.5589100000,旧址原为清末湖广总督张之洞创办的北路学堂，大革命失败后一度为军队驻地，后一直为学校。旧址坐北朝南，有房屋四栋，建筑面积5110平方米，为晚清砖木结构学宫式建筑。1958年筹建旧址纪念馆，1963年正式开放。,https://timgsa.baidu.com/timg?image&quality=80&size=b9999_10000&sec=1559561024015&di=694db17c340d31cb308cf811dfd39657&imgtype=0&src=http%3A%2F%2Fs8.sinaimg.cn%2Fmw690%2F0028KmMlzy6ZIp56QFV77%26690
3,武汉国民政府旧址,114.2931890000,30.5815880000,民国十五年（1926年）10月，北伐军占领武昌，国民革命重心由珠江流域转移到长江流域，同年12月，一批国民党中央执行委员和国民政府委员到武汉。为了不致使中央党部和国民政府权力中断，到武汉的委员成立“国民党中央执行委员、国民政府委员临时联席会议”，行使中央最高职权，后选定南洋大楼。联席会议的成立，标志国民政府由广州迁都武汉。,https://timgsa.baidu.com/timg?image&quality=80&size=b9999_10000&sec=1559560967521&di=f31086982152fac7bc9898eab12d851e&imgtype=0&src=http%3A%2F%2Fs9.rr.itc.cn%2Fr%2FwapChange%2F20175_19_17%2Fa5ctut21904211579405.jpg
3,八七会议旧址,114.3064190000,30.5922640000,"1978年8月7日，八七会议会址恢复原貌并建立纪念馆，正式对外开放。1980年5月邓小平同志在北京题写馆名""八七会议会址""。1982年被国务院公布为第二批全国重点文物保护单位，2000年被团中央命名为地全国青少年教育基地，2001年被中宣部命名为全国爱国主义教育示范基地，2004年被国务院列为全国百家红色旅游经典景区。",https://timgsa.baidu.com/timg?image&quality=80&size=b9999_10000&sec=1559560750507&di=127b9d88d31aa55291a416598a3ff61c&imgtype=jpg&src=http%3A%2F%2Fimg0.imgtn.bdimg.com%2Fit%2Fu%3D4264545420%2C3502728789%26fm%3D214%26gp%3D0.jpg
3,武昌起义军政府旧址（武汉辛亥革命武昌起义军政府旧址,114.3536220000,30.5648600000,"武昌起义军政府旧址位于湖北省武汉市武昌区阅马场北端，又称红楼。原是清政府于宣统元年（1909年）所建的“湖北省咨议局""大楼。1911年10月10日，辛亥革命武昌起义成功，即在此组成革命军政府，颁发了第一号布告，宣布废除清朝帝制，建立中华民国，并通电号召各省起义。",https://timgsa.baidu.com/timg?image&quality=80&size=b9999_10000&sec=1559560714762&di=df62c1a7268ede1c9372d8a34442f344&imgtype=0&src=http%3A%2F%2Fimg.pconline.com.cn%2Fimages%2Fupload%2Fupc%2Ftx%2Fphotoblog%2F1101%2F18%2Fc3%2F6575568_6575568_1295355208984_mthumb.jpg
4,洪山摩崖题刻,114.3162000000,30.5810840000,位于武汉市武昌区洪山。庆元元年（1195）荆南参军赵淳在洪山建东岩阁，将其所写《东山赋》、《东岩阁记》刻于山石上，同时就山坡上各处山石的天然形态和色彩纹理稍施斧凿，依其形状，分别命名“云根”、“云扃”、“伏仙”、“飞雪”、“栖霞”、“半霄”、“清肃”、“翠屏”、“堆云”、“狮子峰”等，并以多种书体将它们镌刻于山石上。（第三批）,https://timgsa.baidu.com/timg?image&quality=80&size=b9999_10000&sec=1560155355&di=002f88160a32420482cb72bda7fedbf2&imgtype=jpg&er=1&src=http%3A%2F%2Fpic4.huitu.com%2Fres%2F20121021%2F58760_20121021194435191200_1.jpg
